Club,Average_Age,Average_potential,Highest_Paid_Player,Highest_Paid_Wage(Euros),Position,Total_Players,Country_with_most_players
1. FC Heidenheim 1846,24,72,M. Schnatterer,14,LM,28,Germany
1. FC Kaiserslautern,24,70,M. Albæk,4,LDM,26,Germany
1. FC Köln,24,77,J. Hector,26,LWB,28,Germany
1. FC Magdeburg,25,70,R. Brégerie,15,CB,26,Germany
1. FC Nürnberg,24,75,H. Behrens,24,RDM,29,Germany
1. FC Union Berlin,25,73,R. Žulj,25,CF,28,Germany
1. FSV Mainz 05,24,77,D. Latza,30,LCM,32,Germany
AC Ajaccio,27,70,C. Michelin,10,RB,23,France
AC Horsens,25,66,S. Heltne Nilsen,5,CDM,25,Denmark
AD Alcorcón,27,71,Casadesús,9,ST,29,Spain
ADO Den Haag,25,71,R. Kishna,32,LW,28,Netherlands
AEK Athens,25,75,André Simões,1,CM,28,Greece
AFC Wimbledon,24,67,B. Purrington,5,LB,26,England
AIK,26,70,T. Elyounoussi,10,LM,27,Sweden
AJ Auxerre,25,72,D. Mancini,11,CM,27,France
AS Béziers,26,66,M. Mostefa,4,RDM,26,France
AS Monaco,23,81,Falcao,115,RS,33,France
AS Nancy Lorraine,25,70,P. Sané,12,ST,30,France
AS Saint-�?tienne,25,75,T. Kolodziejczak,42,LB,24,France
AZ Alkmaar,23,77,D. Rotariu,14,RW,30,Netherlands
Aalborg BK,23,70,L. Andersen,11,LS,27,Denmark
Aarhus GF,24,68,P. Kanstrup,8,RCB,27,Denmark
Aberdeen,24,72,J. Wilson,29,ST,27,Scotland
Accrington Stanley,25,67,C. Ripley,14,GK,28,England
Adelaide United,24,68,M. Boland,4,LCM,25,Australia
Ajax,22,80,H. Ziyech,28,RAM,30,Netherlands
Akhisar Belediyespor,29,70,Josué,19,CAM,26,Turkey
Al Ahli,26,70,O. Al Soma,47,LS,30,Saudi Arabia
Al Batin,25,65,J. Arango,12,LS,30,Saudi Arabia
Al Faisaly,26,66,Rogerinho,18,CAM,30,Saudi Arabia
Al Fateh,25,66,M. Aguirregaray,22,RB,28,Saudi Arabia
Al Fayha,26,67,J. Gómez,18,CAM,28,Saudi Arabia
Al Hazem,26,65,Y. Kalfa,8,RM,30,Saudi Arabia
Al Hilal,27,72,B. Gomis,56,ST,30,Saudi Arabia
Al Ittihad,25,71,C. Villanueva,39,CAM,30,Saudi Arabia
Al Nassr,26,69,Giuliano,64,CAM,29,Saudi Arabia
Al Qadisiyah,25,68,�?lton,18,RW,30,Saudi Arabia
Al Raed,26,66,Y. El Ghanassy,16,LM,30,Saudi Arabia
Al Shabab,24,69,C. Budescu,32,LS,30,Saudi Arabia
Al Taawoun,26,66,Héldon,23,LM,29,Saudi Arabia
Al Wehda,25,69,T. Al Jassam,29,CAM,30,Saudi Arabia
Alanyaspor,27,72,J. Fernandes,16,LM,30,Turkey
Albacete BP,25,72,Aleix Febas,44,RDM,30,Spain
Alianza Petrolera,25,68,H. Henao,2,RDM,28,Colombia
Amiens SC,24,74,E. Krafth,21,RB,29,France
América FC (Minas Gerais),29,70,Melvin Parrela,20,LCM,20,Brazil
América de Cali,27,69,P. Franco,22,LCB,28,Colombia
Angers SCO,26,74,T. Mangani,23,CM,30,France
Antalyaspor,27,71,M. Erdinç,19,ST,30,Turkey
Argentinos Juniors,24,72,L. Pisculichi,12,CAM,28,Argentina
Arka Gdynia,25,66,"D. Zbozie�""",4,RB,27,Poland
Arsenal,25,81,P. Aubameyang,265,LM,33,England
Ascoli,25,70,S. Coly,6,ST,30,Italy
Aston Villa,25,74,Y. Bolasie,76,LM,30,England
Atalanta,25,78,M. Pašali�?,71,RCM,24,Italy
Athletic Club de Bilbao,25,79,Dani García,33,RCM,31,Spain
Atiker Konyaspor,27,72,O. �zahiner,18,RM,27,Turkey
Atlanta United,25,73,J. Martínez,14,LS,29,United States
Atlético Bucaramanga,26,69,S. Cárdenas,5,CAM,28,Colombia
Atlético Huila,24,69,M. Ordóñez,2,RCM,28,Colombia
Atlético Madrid,24,82,A. Griezmann,145,CAM,33,Spain
Atlético Mineiro,29,73,Louri Beretta,60,ST,20,Brazil
Atlético Nacional,25,74,D. Machado,11,LB,28,Colombia
Atlético Paranaense,30,70,Erick Gameira,15,ST,20,Brazil
Atlético Tucumán,28,71,R. Noir,15,LM,28,Argentina
Audax Italiano,24,71,M. Fernández,3,CB,28,Chile
BB Erzurumspor,27,67,S. Tshabalala,16,LM,25,Turkey
BK Häcken,25,68,Paulinho,5,LW,27,Sweden
BSC Young Boys,24,74,G. Hoarau,26,LS,24,Switzerland
Bahia,30,70,Emilio Piodão,13,RDM,20,Brazil
Barnsley,22,71,C. Woodrow,12,RS,28,England
Bayer 04 Leverkusen,24,81,L. Bender,82,RB,26,Germany
Beijing Renhe FC,27,63,B. Moukandjo,25,CAM,28,China PR
Beijing Sinobo Guoan FC,26,68,C. Bakambu,33,ST,28,China PR
Belgrano de Córdoba,25,71,M. Suárez,15,ST,27,Argentina
Benevento,27,72,F. Ricci,31,LW,25,Italy
Be�Yikta�Y JK,26,77,Quaresma,80,RM,28,Turkey
Birmingham City,25,72,Jota,21,RM,30,England
Blackburn Rovers,24,72,B. Dack,32,CAM,30,England
Blackpool,25,67,J. Dodoo,13,LS,28,England
Boavista FC,26,72,David Simão,9,LCM,27,Portugal
Boca Juniors,26,78,E. Cardona,39,LW,27,Argentina
Bohemian FC,21,64,D. Pender,1,RB,25,Republic of Ireland
Bologna,25,78,R. Orsolini,52,RW,28,Italy
Bolton Wanderers,27,69,J. Williams,23,RDM,30,England
Borussia Dortmund,23,82,M. Reus,100,LM,33,Germany
Borussia Mönchengladbach,24,80,L. Stindl,43,CF,30,Germany
Botafogo,30,71,Formosandrinho,26,RS,20,Brazil
Bournemouth,24,76,C. Wilson,77,ST,32,England
Boyacá Chicó FC,25,65,J. Muñoz,1,CM,28,Colombia
Bradford City,25,68,J. Payne,15,CAM,28,England
Bray Wanderers,22,63,R. Gorman,1,CB,23,Republic of Ireland
Brentford,23,74,O. Watkins,35,RW,30,England
Brescia,24,72,A. Mat�>jů,10,RB,30,Italy
Brighton & Hove Albion,25,76,G. Murray,51,ST,32,England
Brisbane Roar,27,68,E. Bauthéac,7,RM,23,Australia
Bristol City,24,73,F. Diedhiou,35,LS,30,England
Bristol Rovers,25,65,J. Bonham,4,GK,28,England
Brøndby IF,24,71,K. Wilczek,24,RS,27,Denmark
Burnley,26,74,S. Defour,65,LCM,33,England
Bursaspor,24,74,H. Saivet,36,CM,30,Turkey
Burton Albion,25,68,D. Cole,14,ST,28,England
Bury,26,66,N. Maynard,6,LS,28,England
CA Osasuna,26,73,Brandon Thomas,21,ST,25,Spain
CD Antofagasta,26,69,P. Becker,5,RM,28,Chile
CD Aves,27,71,Amilton,12,RW,28,Brazil
CD Everton de Viña del Mar,24,70,M. Bueno,11,ST,27,Chile
CD Feirense,27,71,Tiago Silva,11,CAM,26,Portugal
CD Huachipato,23,69,S. Martínez,7,CDM,27,Chile
CD Leganés,25,76,G. Carrillo,46,RS,33,Spain
CD Lugo,25,72,Cristian Herrera,8,LS,30,Spain
CD Nacional,25,73,F. Tissone,9,CDM,26,Brazil
CD Numancia,26,71,Fran Villalba,11,LCM,28,Spain
CD O'Higgins,24,71,N. Mazzola,7,ST,28,Chile
CD Palestino,26,70,B. Vidal,6,CB,28,Chile
CD Tenerife,25,73,Nano,12,ST,30,Spain
CD Tondela,25,72,Cláudio Ramos,6,GK,25,Portugal
CD Universidad de Concepción,28,70,S. Vittor,14,RCB,27,Chile
CF Rayo Majadahonda,26,72,Toni Martínez,16,ST,26,Spain
CF Reus Deportiu,24,71,S. Moore,6,RB,28,Spain
Cagliari,28,76,A. Cerri,54,ST,24,Italy
Cambridge United,25,63,B. Corr,4,ST,28,England
Cardiff City,26,72,H. Arter,55,CM,33,England
Carlisle United,25,63,J. Yates,5,RM,25,England
Carpi,24,69,Z. Machach,36,CAM,30,Italy
Ceará Sporting Club,30,68,Caio Milaçar,19,CAM,20,Brazil
Celtic,26,76,S. Sinclair,48,LM,28,Scotland
Central Coast Mariners,24,67,R. McCormack,16,LS,25,Australia
Cerezo Osaka,27,66,H. Kiyotake,7,RM,30,Japan
Chamois Niortais Football Club,22,70,A. Dona Ndoh,5,ST,28,France
Changchun Yatai FC,27,65,O. Ighalo,16,ST,28,China PR
Chapecoense,30,70,Dani Rochelinhas,17,CAM,20,Brazil
Charlton Athletic,24,71,J. Ward,17,ST,28,England
Chelsea,25,83,E. Hazard,340,LF,33,England
Cheltenham Town,26,65,T. Field,5,LB,24,England
Chicago Fire,26,70,B. Schweinsteiger,11,LCB,23,United States
Chievo Verona,28,75,V. Birsa,23,CAM,28,Italy
Chongqing Dangdai Lifan FC SWM Team,28,63,Alan Kardec,13,ST,28,China PR
Cittadella,24,71,M. Finotto,5,LS,29,Italy
Clermont Foot 63,24,69,R. Descamps,11,GK,25,France
Club América,24,74,O. Peralta,56,LS,30,Mexico
Club Atlas,23,73,A. Andrade,22,LCM,29,Mexico
Club Atlético Aldosivi,27,69,L. Villalba,9,LB,28,Argentina
Club Atlético Banfield,24,75,E. Kalinski,21,RDM,27,Argentina
Club Atlético Colón,25,74,M. Estigarribia,13,LCM,28,Argentina
Club Atlético Huracán,27,72,A. Chávez,17,LS,28,Argentina
Club Atlético Lanús,24,74,L. Acosta,22,RS,28,Argentina
Club Atlético Talleres,24,74,J. Ramírez,14,LW,28,Argentina
Club Atlético Tigre,28,71,D. Vera,14,ST,28,Argentina
Club Brugge KV,23,79,H. Vanaken,27,CAM,28,Belgium
Club Deportes Temuco,26,68,G. Gotti,3,ST,28,Chile
Club León,25,72,M. Boselli,32,ST,30,Mexico
Club Necaxa,25,70,H. González,20,GK,30,Mexico
Club Tijuana,24,72,D. González,22,LCM,28,Mexico
Clube Sport Marítimo,26,73,Danny,12,CAM,23,Brazil
Colchester United,22,69,L. Norris,5,ST,28,England
Colo-Colo,26,75,J. Valdivia,10,CAM,28,Chile
Colorado Rapids,26,70,E. Castillo,18,LB,23,United States
Columbus Crew SC,26,72,F. Higuaín,10,CAM,26,United States
Cork City,24,65,T. Ryan,1,GK,25,Republic of Ireland
Cosenza,25,69,G. Tutino,20,LS,30,Italy
Coventry City,23,69,T. Andreu,4,CAM,28,England
Cracovia,25,67,J. Gol,5,CDM,27,Poland
Crawley Town,26,65,R. Vincelot,5,CB,24,England
Crewe Alexandra,23,66,J. Bowery,5,RS,28,England
Crotone,24,71,C. Spinelli,6,ST,24,Italy
Cruz Azul,26,73,I. Marcone,31,RDM,25,Mexico
Cruzeiro,31,72,Juiano Mestres,39,RCB,20,Brazil
Crystal Palace,25,76,W. Zaha,78,LS,32,England
Curicó Unido,27,66,M. Quiroga,4,ST,28,Chile
Cádiz CF,26,71,Salvi Sánchez,9,RM,30,Spain
Córdoba CF,25,71,Jaime Romero,7,RM,26,Spain
DC United,26,71,B. Hamid,14,GK,28,United States
DSC Arminia Bielefeld,24,72,A. Voglsammer,11,LS,28,Germany
Daegu FC,24,68,Cho Hyun Woo,5,GK,28,Korea Republic
Dalian YiFang FC,27,63,N. Gaitán,22,CAM,28,China PR
Dalkurd FF,26,64,E. Markkanen,2,LS,21,Sweden
De Graafschap,24,69,H. Jurjus,5,GK,30,Netherlands
Defensa y Justicia,25,73,M. Larrondo,14,ST,28,Argentina
Deportes Iquique,26,68,L. Bustamante,4,CAM,28,Chile
Deportes Tolima,25,71,Y. Orozco,4,LW,28,Colombia
Deportivo Alavés,25,78,Ibai Gómez,31,RM,27,Spain
Deportivo Cali,25,75,C. Vargas,5,GK,28,Colombia
Deportivo Pasto,26,68,A. Estupiñán,1,CM,28,Colombia
Deportivo Toluca,26,72,L. Quiñones,46,LM,28,Mexico
Deportivo de La Coruña,26,75,Pablo Marí,39,LCB,30,Spain
Derby County,26,74,H. Wilson,48,RW,30,England
Derry City,22,66,R. Hale,2,RM,18,Republic of Ireland
Dijon FCO,26,75,Júlio Tavares,17,ST,26,France
Dinamo Zagreb,25,74,M. Orši�?,1,LM,28,Croatia
Djurgårdens IF,25,69,E. Johansson,6,LCB,25,Sweden
Doncaster Rovers,24,68,H. Kane,10,RCM,28,England
Dundalk,25,67,P. McEleney,2,CAM,23,Republic of Ireland
Dundee FC,25,68,R. Inniss,11,CB,27,Scotland
Dynamo Kyiv,24,78,G. Bushchan,1,GK,28,Ukraine
ESTAC Troyes,26,71,V. Marcel,12,RW,30,France
Eintracht Braunschweig,24,70,C. Nyman,5,ST,28,Germany
Eintracht Frankfurt,25,78,K. Trapp,61,GK,33,Germany
Elche CF,26,70,Chuca,6,CM,26,Spain
Empoli,25,74,S. Uçan,35,CM,33,Italy
En Avant de Guingamp,25,76,R. Rodelin,25,CAM,25,France
Envigado FC,22,71,A. Zapata,1,RW,28,Colombia
Esbjerg fB,24,67,A. Tighadouini,4,LM,25,Denmark
Estudiantes de La Plata,25,72,L. Albertengo,14,ST,28,Argentina
Ettifaq FC,24,68,B. Alemán,29,CAM,30,Saudi Arabia
Everton,24,80,André Gomes,130,LDM,33,England
Excelsior,24,71,M. Edwards,10,RM,26,Netherlands
Exeter City,24,66,C. Ogbene,5,LM,28,England
Extremadura UD,26,69,Marcelo Djaló,13,CB,30,Spain
FC Admira Wacker Mödling,22,70,D. Toth,6,CDM,27,Austria
FC Augsburg,25,75,D. Baier,28,CDM,31,Germany
FC Barcelona,24,85,L. Messi,565,RF,33,Spain
FC Basel 1893,24,76,M. Suchý,26,CB,27,Switzerland
FC Bayern München,24,84,J. Rodríguez,315,LAM,29,Germany
FC Carl Zeiss Jena,24,67,J. Günther-Schmidt,6,RS,28,Germany
FC Dallas,25,72,M. Urruti,8,CAM,29,United States
FC Emmen,24,67,A. Jansen,5,ST,30,Netherlands
FC Energie Cottbus,25,67,A. Beyazıt,1,CF,28,Germany
FC Erzgebirge Aue,25,70,E. Iyoha,6,ST,29,Germany
FC Girondins de Bordeaux,23,78,Sergi Palencia,47,RB,31,France
FC Groningen,21,74,M. Cassierra,8,ST,26,Netherlands
FC Hansa Rostock,25,68,P. Ofosu-Ayeh,18,RB,25,Germany
FC Ingolstadt 04,25,72,S. Kittel,24,CAM,30,Germany
FC København,26,73,Zeca,21,LDM,23,Denmark
FC Lorient,24,71,F. Lemoine,8,RCM,30,France
FC Lugano,25,69,P. Brlek,10,CM,27,Switzerland
FC Luzern,24,71,T. Juri�?,8,ST,27,Switzerland
FC Metz,24,74,R. Cohade,8,RCM,26,France
FC Midtjylland,24,73,G. Wikheim,20,LW,27,Denmark
FC Nantes,24,75,M. Miazga,51,RCB,32,France
FC Nordsjælland,20,72,M. Rygaard,10,ST,27,Denmark
FC Porto,25,81,Jorge,38,LB,28,Brazil
FC Red Bull Salzburg,23,78,M. Dabbur,40,RS,27,Austria
FC Schalke 04,25,80,A. Baba,56,LB,29,Germany
FC Seoul,28,68,Sin Jin Ho,7,LCM,28,Korea Republic
FC Sion,25,71,A. Song,27,CDM,27,Switzerland
FC Sochaux-Montbéliard,22,73,Rafa Navarro,10,RB,28,France
FC St. Gallen,24,70,T. Barnetta,12,CAM,25,Switzerland
FC St. Pauli,25,71,C. Buchtmann,16,CM,30,Germany
FC Thun,25,67,M. Tosetti,10,RM,26,Switzerland
FC Tokyo,25,69,Diego Oliveira,11,ST,30,Japan
FC Utrecht,24,74,T. Letschert,28,RCB,26,Netherlands
FC Wacker Innsbruck,24,67,B. Henning,6,RCM,27,Austria
FC Würzburger Kickers,23,68,P. Kurzweg,7,LB,27,Germany
FC Zürich,24,71,B. Kololli,9,LW,27,Switzerland
FK Austria Wien,24,72,A. Grünwald,15,CAM,27,Austria
FK Bodø/Glimt,24,65,M. Bjørnbak,2,RCB,27,Norway
FK Haugesund,23,69,B. Akintola,6,RM,22,Norway
FSV Zwickau,25,67,K. Hoffmann,2,CAM,25,Germany
Fenerbahçe SK,27,77,M. Valbuena,86,LM,30,Turkey
Feyenoord,23,77,J. Clasie,44,RCM,28,Netherlands
Fiorentina,23,80,M. Pjaca,75,LW,24,Italy
Fleetwood Town,25,68,J. Holt,22,LCM,28,England
Fluminense,30,72,Laure Santeiro,40,CAM,20,Brazil
Foggia,26,70,C. Galano,30,RS,27,Italy
Forest Green Rovers,24,67,N. McGinley,6,LCB,24,England
Fortuna Düsseldorf,25,74,D. Lukebakio,29,RS,33,Germany
Fortuna Sittard,22,72,José Rodríguez,17,RCM,27,Netherlands
Frosinone,26,74,E. Goldaniga,32,RCB,33,Italy
Fulham,23,77,J. Seri,73,LDM,32,England
GD Chaves,27,73,Renan Bressan,11,LCM,25,Portugal
GFC Ajaccio,25,67,A. Boupendza,5,ST,23,France
GIF Sundsvall,24,67,David Batanero,3,LCM,23,Sweden
Galatasaray SK,25,77,S. Feghouli,65,RM,30,Turkey
Gamba Osaka,25,68,Hwang Ui Jo,9,ST,30,Japan
Gangwon FC,27,67,U. Đeri�?,5,ST,28,Korea Republic
Genoa,26,77,L. Mazzitelli,32,CM,27,Italy
Getafe CF,25,77,S. Cristóforo,36,CDM,28,Spain
Gillingham,23,65,C. Ogilvie,9,LB,28,England
Gimnasia y Esgrima La Plata,25,73,F. Rinaudo,13,RCM,28,Argentina
Gimnàstic de Tarragona,25,72,Sebas Coris,17,RM,30,Spain
Girona FC,25,77,P. Roberts,60,RM,29,Spain
Godoy Cruz,23,72,S. García,20,ST,28,Argentina
Granada CF,25,72,Fede Vico,13,CAM,29,Spain
Grasshopper Club Zürich,23,71,S. Tarashaj,26,CAM,27,Switzerland
Grenoble Foot 38,27,67,L. Boussaha,4,ST,26,France
Grimsby Town,25,65,B. Pringle,4,LM,25,England
Grêmio,30,73,Ronaldo Cabrais,51,RW,20,Brazil
Guadalajara,25,73,I. Brizuela,36,RM,29,Mexico
Guangzhou Evergrande Taobao FC,27,70,Paulinho,235,LDM,28,China PR
Guangzhou R&F; FC,26,65,E. Zahavi,24,LS,28,China PR
Guizhou Hengfeng FC,28,65,Mario Suárez,16,LCM,28,China PR
Gyeongnam FC,27,65,Marcão,6,ST,28,Korea Republic
Górnik Zabrze,22,69,Angulo,6,LS,27,Poland
Göztepe SK,27,72,C. Borges,24,LDM,28,Turkey
HJK Helsinki,23,67,S. Dahlström,1,LCM,26,Finland
Hallescher FC,23,69,M. Fetsch,2,RS,25,Germany
Hamburger SV,22,77,Hwang Hee Chan,24,ST,30,Germany
Hamilton Academical FC,25,65,M. Kilgallon,3,LCB,28,Scotland
Hammarby IF,25,69,J. Hamad,5,LM,27,Sweden
Hannover 96,24,76,T. Asano,39,LM,29,Germany
Heart of Midlothian,25,73,D. Mitchell,24,LB,27,Scotland
Hebei China Fortune FC,28,67,E. Lavezzi,22,CAM,28,China PR
Hellas Verona,25,73,L. Marrone,61,LCB,29,Italy
Henan Jianye FC,26,65,Ricardo,13,ST,28,China PR
Heracles Almelo,24,71,B. Kuwas,9,CF,29,Netherlands
Hertha BSC,24,79,M. Gruji�?,51,RDM,32,Germany
Hibernian,26,70,A. Bogdán,28,GK,25,Scotland
Hobro IK,26,66,P. Kirkevold,6,LS,25,Denmark
Hokkaido Consadole Sapporo,28,64,Y. Komai,3,RM,29,Japan
Holstein Kiel,24,71,Lee Jae Sung,13,CAM,29,Germany
Houston Dynamo,27,70,A. Elis,8,RM,30,United States
Huddersfield Town,23,76,C. Schindler,48,CB,32,England
Hull City,24,72,K. Grosicki,23,LM,30,England
IF Brommapojkarna,24,65,R. Alm,1,RW,26,Sweden
IF Elfsborg,25,67,C. Obasi,5,ST,27,Sweden
IFK Göteborg,24,68,A. Calisir,2,CB,23,Sweden
IFK Norrköping,24,71,A. Fransson,5,RCM,24,Sweden
IK Sirius,26,65,A. Björnström,1,LB,27,Sweden
IK Start,24,69,A. Sigurðarson,2,LW,24,Norway
Incheon United FC,26,66,Moon Seon Min,4,LW,28,Korea Republic
Independiente,26,75,E. Cerutti,29,RM,28,Argentina
Independiente Medellín,25,69,J. Segura,9,CB,28,Colombia
Independiente Santa Fe,28,70,A. Rodríguez,11,ST,28,Colombia
Inter,27,82,M. Icardi,130,ST,24,Italy
Internacional,30,73,Claudio Coíntra,30,CAM,20,Brazil
Ipswich Town,24,72,J. Walters,33,ST,30,England
Itagüí Leones FC,24,68,F. Gómez,1,RM,28,Colombia
"Jagiellonia Bia�,ystok",25,69,I. Runje,7,RCB,27,Poland
Jaguares de Córdoba,27,66,C. Alzáte,1,CAM,28,Colombia
Jeju United FC,27,67,Roberson,12,ST,28,Korea Republic
Jeonbuk Hyundai Motors,28,70,Hong Jeong Ho,14,RCB,28,Korea Republic
Jeonnam Dragons,26,67,Ha Tae Goon,4,ST,28,Korea Republic
Jiangsu Suning FC,25,65,Alex Teixeira,30,LS,28,China PR
Junior FC,26,72,T. Gutiérrez,6,ST,28,Colombia
Juventus,27,86,Cristiano Ronaldo,405,ST,25,Italy
Júbilo Iwata,28,64,S. Nakamura,4,CAM,30,Japan
KAA Gent,24,75,T. Awoniyi,26,ST,28,Belgium
KAS Eupen,25,71,S. Marreh,13,CDM,28,Belgium
KFC Uerdingen 05,26,67,D. Maroh,6,LCB,28,Germany
KRC Genk,23,78,Pozuelo,19,CAM,25,Belgium
KSV Cercle Brugge,25,71,P. Nardi,27,GK,28,France
KV Kortrijk,26,71,F. Avenatti,20,RS,28,Belgium
KV Oostende,24,73,L. De Bock,17,LB,26,Belgium
Kaizer Chiefs,26,69,P. Zulu,1,LM,27,South Africa
Kalmar FF,25,69,R. Elm,4,RCM,27,Sweden
Karlsruher SC,25,68,A. Fink,5,RS,28,Germany
Kashima Antlers,26,71,G. Shoji,11,LCB,30,Japan
Kashiwa Reysol,25,68,Cristiano,11,LS,28,Japan
Kasimpa�Ya SK,25,72,Trezeguet,15,LM,23,Turkey
Kawasaki Frontale,27,67,Y. Kobayashi,12,ST,30,Japan
Kayserispor,27,72,B. Mensah,33,LDM,25,Turkey
Kilmarnock,24,70,B. Enobakhare,14,RW,28,Scotland
Korona Kielce,24,66,E. Soriano,3,ST,27,Poland
Kristiansund BK,26,66,D. Ulvestad,2,LCB,24,Norway
LA Galaxy,27,71,Z. Ibrahimovi�?,15,RS,25,United States
LASK Linz,24,70,T. Goiginger,8,RW,24,Austria
LOSC Lille,22,79,Rui Fonte,41,ST,25,France
La Berrichonne de Châteauroux,26,67,C. Mandanne,5,LS,24,France
La Equidad,27,68,O. Bernal,3,RB,28,Colombia
Lazio,25,79,C. Immobile,115,ST,32,Italy
Le Havre AC,24,71,Z. Ferhat,7,RM,30,France
Lecce,27,68,L. Venuti,21,RB,29,Italy
"Lech Pozna�""",26,69,C. Gytkjær,9,ST,27,Poland
"Lechia Gda�""sk",25,70,Flavio Paixão,7,ST,27,Poland
Leeds United,23,75,Pablo Hernández,40,RM,30,England
Legia Warszawa,27,72,Carlitos,12,ST,27,Poland
Leicester City,26,78,J. Vardy,96,ST,32,England
Levante UD,25,77,Borja Mayoral,86,ST,32,Spain
Lillestrøm SK,24,67,E. Knudtzon,3,ST,24,Norway
Limerick FC,23,61,B. Dennehy,1,LB,19,Republic of Ireland
Lincoln City,25,65,J. Shackell,10,LCB,28,England
Liverpool,24,82,M. Salah,255,RM,33,England
Livingston FC,24,67,R. Hardie,7,ST,28,Scotland
Livorno,26,68,N. Giannetti,15,ST,30,Italy
Lobos BUAP,27,69,J. Rodríguez,22,GK,27,Mexico
Lokomotiv Moscow,27,76,R. Tugarev,1,LM,28,Russia
Los Angeles FC,26,73,C. Vela,15,RW,25,United States
Luton Town,24,68,J. Grant,16,LM,25,England
MKE Ankaragücü,29,71,T. Bifouma,21,LM,29,Turkey
MSV Duisburg,25,71,K. Wolze,7,LB,26,Germany
Macclesfield Town,25,64,K. O'Hara,8,GK,26,England
Malmö FF,25,72,F. Bachirou,7,CM,27,Sweden
Manchester City,24,84,K. De Bruyne,355,RCM,33,England
Manchester United,25,83,De Gea,260,GK,33,England
Mansfield Town,24,68,T. Walker,10,RS,28,England
Medipol Ba�Yak�Yehir FK,27,74,A. Turan,120,CM,28,Turkey
Melbourne City FC,25,68,B. Fornaroli,15,ST,25,Australia
Melbourne Victory,26,69,K. Honda,12,RM,21,Australia
Middlesbrough,26,74,M. Beši�?,58,LCM,30,England
Miedź Legnica,27,66,P. Forsell,3,RF,27,Poland
Milan,25,83,G. Higuaín,245,LS,27,Italy
Millonarios FC,27,71,C. Marrugo,8,CAM,28,Colombia
Millwall,25,70,S. Williams,12,CDM,30,England
Milton Keynes Dons,25,69,O. Sow,7,ST,28,England
Minnesota United FC,27,69,D. Quintero,10,CAM,30,United States
Molde FK,24,71,P. Cibicki,19,LW,26,Norway
Monarcas Morelia,25,71,E. Loeschbor,13,RCB,28,Mexico
Monterrey,25,75,R. Funes Mori,49,ST,26,Mexico
Montpellier HSC,25,76,A. Delort,30,LS,28,France
Montreal Impact,26,69,S. Taïder,30,LCM,29,Canada
Morecambe,25,62,J. Yarney,4,RCB,28,England
Moreirense FC,25,73,M. Loum,6,CDM,25,Portugal
Motherwell,24,68,T. Carson,4,GK,28,England
Málaga CF,25,75,A. N'Diaye,28,RDM,30,Spain
NAC Breda,23,70,L. Ili�?,15,CAM,30,Netherlands
Nagoya Grampus,27,67,Jô,11,ST,27,Japan
Napoli,26,83,L. Insigne,165,LW,25,Italy
Neuchâtel Xamax,27,65,R. Nuzzolo,9,ST,27,Switzerland
New England Revolution,25,70,D. Fagundez,6,CAM,27,United States
New York City FC,25,72,Y. Herrera,24,RM,26,United States
New York Red Bulls,24,73,M. Rzatkowski,26,CM,29,United States
Newcastle Jets,25,68,R. Vargas,4,CAM,24,Australia
Newcastle United,25,77,Kenedy,71,LM,33,England
Newell's Old Boys,26,71,I. Piris,29,RB,28,Argentina
Newport County,25,65,C. Pring,4,LB,26,England
No Club,26,71,P. Tau,0,RW,241,India
Northampton Town,24,66,K. van Veen,5,LS,28,England
Norwich City,25,74,T. Pukki,29,ST,30,England
Nottingham Forest,27,74,K. Ansarifard,51,ST,30,England
Notts County,26,66,K. Hemmings,6,ST,28,England
Nîmes Olympique,25,72,J. Ferri,46,RCM,27,France
OGC Nice,23,79,M. Balotelli,55,LS,28,France
Odds BK,24,70,E. Rashani,3,LW,23,Norway
Odense Boldklub,24,69,S. Grytebust,10,GK,27,Denmark
Ohod Club,26,65,A. Teikeu,10,LCB,25,Saudi Arabia
Oldham Athletic,24,68,S. Surridge,7,ST,25,England
Olympiacos CFP,25,77,G. Masouras,1,RB,28,Greece
Olympique Lyonnais,23,82,M. Depay,93,ST,29,France
Olympique de Marseille,26,78,D. Payet,75,CAM,29,France
Once Caldas,26,71,J. Nieto,4,RCM,28,Colombia
Orlando City SC,26,70,Y. Yotún,8,LDM,30,United States
Orlando Pirates,27,69,M. Nyatama,1,RCM,28,South Africa
Os Belenenses,26,71,Nuno Coelho,5,CDM,24,Portugal
Oxford United,25,68,M. Browne,8,LM,28,England
PAOK,27,75,José Cañas,1,RDM,27,Greece
PEC Zwolle,23,72,O. Bouy,10,LCB,27,Netherlands
PFC CSKA Moscow,23,77,Rodrigo Becão,1,RCB,28,Russia
PSV,22,79,L. de Jong,23,ST,30,Netherlands
Pachuca,25,73,F. Jara,29,ST,29,Mexico
Padova,26,69,L. Clemenza,19,CAM,30,Italy
Palermo,25,74,C. Falletti,21,RF,30,Italy
Panathinaikos FC,23,74,F. Macheda,1,ST,28,Greece
Paraná,32,69,Rafael Cachoira,20,RCB,20,Brazil
Paris FC,26,68,R. Perraud,7,LB,25,France
Paris Saint-Germain,25,84,Neymar Jr,290,LW,30,France
Parma,28,73,R. Inglese,60,ST,29,Italy
Patriotas Boyacá FC,26,69,C. Mosquera,2,RM,28,Colombia
Patronato,28,68,M. Sperduti,13,RM,28,Argentina
Perth Glory,27,68,Diego Castro,5,LM,25,Australia
Perugia,23,73,V. Verre,18,LCM,26,Italy
Pescara,25,72,L. Mancuso,47,LW,28,Italy
Peterborough United,24,70,J. Walker,27,CAM,26,England
Philadelphia Union,25,71,B. Dočkal,15,CAM,29,United States
Piast Gliwice,25,67,"T. Jod�,owiec",5,CAM,27,Poland
Plymouth Argyle,25,68,M. Macey,14,GK,28,England
"Pogo�"" Szczecin",25,69,M. Żyro,22,RM,26,Poland
Pohang Steelers,25,69,Léo Gamalho,6,ST,27,Korea Republic
Port Vale,26,64,D. Worrall,5,RM,26,England
Portimonense SC,24,75,J. Martínez,22,ST,27,Brazil
Portland Timbers,26,71,D. Valeri,12,RF,30,United States
Portsmouth,24,71,J. Mason,16,ST,28,England
Preston North End,23,73,B. Pearson,12,RDM,29,England
Puebla FC,26,69,D. Guerrero,31,CDM,30,Mexico
Queens Park Rangers,25,72,G. Cameron,31,LDM,30,England
Querétaro,25,71,E. Puch,26,LM,30,Mexico
RB Leipzig,22,80,K. Kampl,74,LCM,28,Germany
RC Celta,24,79,Iago Aspas,45,ST,33,Spain
RC Strasbourg Alsace,25,74,J. Martin,20,LCM,28,France
RCD Espanyol,25,77,David López,32,RCB,29,Spain
RCD Mallorca,26,69,P. Estupiñán,9,LB,28,Spain
RSC Anderlecht,23,76,L. Dimata,29,ST,28,Belgium
Racing Club,26,75,G. Bou,26,ST,28,Argentina
Racing Club de Lens,24,72,T. Ambrose,32,LM,30,France
Randers FC,24,67,N. Poulsen,4,RCM,25,Denmark
Rangers FC,25,76,Daniel Candeias,46,RW,28,Scotland
Ranheim Fotball,25,66,M. Reginiussen,2,LCM,24,Norway
Rayo Vallecano,25,75,De Tomás,105,ST,33,Spain
Reading,26,72,L. Moore,26,LCB,30,England
Real Betis,25,80,G. Lo Celso,72,RCM,27,Spain
Real Madrid,24,85,L. Modri�?,420,RCM,33,Spain
Real Oviedo,26,73,Javi Hernández,18,CB,30,Spain
Real Salt Lake,26,71,J. Plata,9,LW,30,United States
Real Sociedad,23,79,T. Hernández,76,LB,31,Spain
Real Sporting de Gijón,24,74,Álvaro Jiménez,17,RM,30,Spain
Real Valladolid CF,25,75,D. Verde,35,LW,30,Spain
Real Zaragoza,24,73,Álvaro,20,ST,30,Spain
Red Star FC,26,68,G. Berthier,5,LM,28,France
Rio Ave FC,24,75,Vinícius,19,ST,28,Brazil
Rionegro Águilas,26,69,M. Gómez,2,LM,28,Colombia
River Plate,26,77,L. Pratto,28,LS,25,Argentina
Rochdale,25,69,Z. Clough,16,CAM,28,England
Roma,26,82,E. Džeko,115,ST,26,Italy
Rosario Central,25,72,F. Zampedri,17,LS,28,Argentina
Rosenborg BK,25,73,M. Jensen,8,CM,26,Norway
Rotherham United,24,69,R. Towell,17,RCM,26,England
Royal Antwerp FC,26,73,D. Mbokani,15,ST,25,Belgium
Royal Excel Mouscron,24,70,M. Leye,9,ST,28,Belgium
SC Braga,25,79,Ailton,22,LB,28,Brazil
SC Fortuna Köln,26,67,M. Kegel,2,LDM,26,Germany
SC Freiburg,24,75,N. Petersen,35,RS,30,Germany
SC Heerenveen,23,73,A. Zeneli,8,LM,27,Netherlands
SC Paderborn 07,24,70,P. Klement,8,CAM,30,Germany
SC Preu�Yen Münster,23,68,"M. Kobyla�""ski",2,RCM,27,Germany
SCR Altach,26,67,P. Netzer,5,CB,26,Austria
SD Eibar,26,77,Marc Cardona,57,ST,29,Spain
SD Huesca,26,73,S. Longo,40,ST,30,Spain
SG Dynamo Dresden,24,72,B. Hämäläinen,13,LCB,28,Germany
SG Sonnenhof Gro�Yaspach,24,68,J. Leist,3,RCB,24,Germany
SK Brann,25,69,S. �zahin-Radlinger,9,GK,27,Norway
SK Rapid Wien,24,72,D. Alar,18,ST,27,Austria
SK Slavia Praha,25,73,P. Olayinka,1,LM,28,Czech Republic
SK Sturm Graz,24,72,P. Žulj,18,LCM,25,Austria
SKN St. Pölten,24,66,R. Gartler,6,ST,27,Austria
SL Benfica,25,82,Jonas,25,ST,28,Portugal
SPAL,26,75,A. Petagna,25,RS,27,Italy
SSV Jahn Regensburg,26,69,M. Grüttner,9,RS,29,Germany
SV Darmstadt 98,25,71,J. Jones,18,LM,27,Germany
SV Mattersburg,26,66,M. Puši�?,8,ST,27,Austria
SV Meppen,25,66,J. von Haacke,6,RDM,28,Germany
SV Sandhausen,26,71,F. Schleusener,12,RS,29,Germany
SV Wehen Wiesbaden,25,69,M. Schäffler,6,ST,24,Germany
SV Werder Bremen,25,78,M. Kruse,45,ST,32,Germany
SV Zulte-Waregem,26,71,H. Harbaoui,15,ST,26,Belgium
Sagan Tosu,27,67,Fernando Torres,10,LS,30,Japan
Sampdoria,25,78,G. Defrel,64,LS,27,Italy
San Jose Earthquakes,26,69,G. Kashia,8,RCB,26,United States
San Lorenzo de Almagro,25,76,N. Blandi,23,ST,28,Argentina
San Luis de Quillota,25,68,B. Sagredo,3,LM,28,Chile
San Martin de Tucumán,27,69,C. Bieler,8,RS,28,Argentina
San Martín de San Juan,28,68,F. Mattia,7,RCB,28,Argentina
Sandefjord Fotball,25,67,F. Azemi,2,ST,24,Norway
Sanfrecce Hiroshima,27,68,Patric,13,RS,26,Japan
Sangju Sangmu FC,26,63,Kim Min Woo,3,CM,28,Korea Republic
Santa Clara,27,71,Thiago Santana,6,ST,26,Portugal
Santos,30,70,Luimo Boas Santos,26,ST,20,Brazil
Santos Laguna,25,73,E. Herrera,22,ST,26,Mexico
Sarpsborg 08 FF,25,68,P. Mortensen,2,LS,26,Norway
Sassuolo,25,78,K. Boateng,65,CM,27,Italy
Scunthorpe United,24,69,C. Borthwick-Jackson,24,LB,27,England
Seattle Sounders FC,26,71,B. Smith,15,LB,27,United States
Sevilla FC,25,79,André Silva,84,ST,30,Spain
Shakhtar Donetsk,25,78,Y. Rakitskyi,1,LCB,28,Ukraine
Shamrock Rovers,24,69,B. Kavanagh,1,LM,22,Republic of Ireland
Shandong Luneng TaiShan FC,27,66,Diego Tardelli,20,LS,27,China PR
Shanghai Greenland Shenhua FC,28,66,D. Ba,17,ST,28,China PR
Shanghai SIPG FC,25,68,Oscar,29,LCM,28,China PR
Sheffield United,26,72,O. Norwood,39,CDM,30,England
Sheffield Wednesday,26,72,J. Onomah,33,CAM,30,England
Shimizu S-Pulse,26,66,Crislan,7,ST,30,Japan
Shonan Bellmare,26,65,Lee Jeong Hyeop,2,ST,30,Japan
Shrewsbury,24,68,G. Docherty,10,LCM,27,England
Sint-Truidense VV,24,72,D. Kamada,19,CF,28,Belgium
Sivasspor,26,71,Douglas,71,RB,27,Turkey
Sligo Rovers,22,65,K. Twardek,1,LM,19,Republic of Ireland
Southampton,24,77,D. Ings,85,RS,33,England
Southend United,25,68,S. McCoulsky,6,ST,28,England
SpVgg Greuther Fürth,23,73,Y. Ideguchi,11,CDM,28,Germany
SpVgg Unterhaching,24,67,S. Hain,4,RS,26,Germany
Sparta Praha,26,71,B. V�ft�fjelu,1,LM,28,Czech Republic
Spartak Moscow,26,78,D. Glushakov,1,LCM,27,Russia
Spezia,25,71,E. Capradossi,12,CB,28,Italy
Sport Club do Recife,30,69,Davi Parrela,16,RCB,20,Brazil
Sporting CP,26,79,S. Sturaro,71,CM,30,Portugal
Sporting Kansas City,26,72,F. Gutiérrez,9,LCM,27,United States
Sporting Lokeren,25,72,G. Bia,13,CAM,28,Belgium
Sporting de Charleroi,25,72,G. Angella,18,CB,28,Belgium
St. Johnstone FC,25,68,C. Mitchell,4,GK,27,Scotland
St. Mirren,25,67,M. Willock,11,CM,27,Scotland
St. Patrick's Athletic,25,63,G. Shaw,1,ST,23,Republic of Ireland
Stabæk Fotball,22,72,A. Keita,3,LCM,27,Norway
Stade Brestois 29,25,70,J. Pi,10,RDM,25,France
Stade Malherbe Caen,25,74,P. Baysse,34,RCB,28,France
Stade Rennais FC,25,77,H. Ben Arfa,38,CAM,27,France
Stade de Reims,25,73,S. Ojo,22,RW,29,France
Standard de Liège,25,75,O. Oularé,25,ST,28,Belgium
Stevenage,24,65,S. Cuthbert,5,RCB,28,England
Stoke City,26,76,A. Williams,61,RCB,30,England
Strømsgodset IF,25,68,E. Andersen,4,LM,24,Norway
Sunderland,24,71,A. McGeady,13,LM,28,England
Suwon Samsung Bluewings,27,69,E. Saric,9,CM,28,Korea Republic
Swansea City,24,76,W. Bony,32,ST,30,England
Swindon Town,24,65,E. Adebayo,6,LW,26,England
Sydney FC,25,69,S. de Jong,15,CAM,25,Australia
SønderjyskE,25,66,N. Zimling,5,LCM,27,Denmark
TSG 1899 Hoffenheim,24,79,A. Kramari�?,54,LCM,33,Germany
TSV 1860 München,25,66,A. Grimaldi,4,ST,28,Germany
TSV Hartberg,24,67,Y. Diarra,4,CM,26,Austria
Tianjin Quanjian FC,26,64,Alexandre Pato,35,ST,26,China PR
Tianjin TEDA FC,26,63,F. Acheampong,16,ST,28,China PR
Tiburones Rojos de Veracruz,27,68,J. Rivas,15,CB,29,Mexico
Tigres U.A.N.L.,25,74,A. Gignac,70,ST,30,Mexico
Torino,25,78,Iago Falqué,59,RW,26,Italy
Toronto FC,26,72,S. Giovinco,15,CF,28,United States
Tottenham Hotspur,25,82,H. Kane,205,ST,33,England
Toulouse Football Club,24,76,Manu García,55,CAM,31,France
Trabzonspor,26,73,B. Yılmaz,41,ST,28,Turkey
Tranmere Rovers,24,64,J. Norwood,5,RS,28,England
Trelleborgs FF,24,66,A. Nilsson,1,LB,27,Sweden
Tromsø IL,24,71,S. Wangberg,3,CB,20,Norway
U.N.A.M.,24,73,J. Iturbe,23,RW,29,Mexico
UD Almería,25,71,J. Arzura,12,CDM,30,Spain
UD Las Palmas,28,73,Rafa Mir,27,RF,29,Spain
US Cremonese,27,70,D. Del Fabro,20,CB,25,Italy
US Orléans Loiret Football,25,69,J. Tell,4,LM,25,France
US Salernitana 1919,26,71,D. Di Gennaro,30,CM,28,Italy
Udinese,24,78,K. Lasagna,29,ST,30,Italy
Ulsan Hyundai FC,27,69,M. Diskerud,43,CM,28,Korea Republic
Universidad Católica,24,73,D. Buonanotte,12,CAM,28,Chile
Universidad de Chile,27,73,G. Jara,11,CB,28,Chile
Unión Española,24,70,T. Figueroa,10,ST,28,Chile
Unión La Calera,26,68,M. Barbieri,7,LW,27,Chile
Unión de Santa Fe,24,72,R. Gómez,17,LM,28,Argentina
Urawa Red Diamonds,28,67,Fabrício,15,ST,27,Japan
V-Varen Nagasaki,27,64,Juanma,3,ST,30,Japan
VVV-Venlo,24,70,M. Samuelsen,12,RW,26,Netherlands
Valencia CF,23,81,M. Batshuayi,105,ST,33,Spain
Valenciennes FC,25,69,G. Robail,25,LM,29,France
Vancouver Whitecaps FC,26,70,J. Mutch,19,CM,27,Canada
Vegalta Sendai,27,64,M. Havenaar,5,ST,27,Japan
Vejle Boldklub,22,69,V. Yurchenko,4,CM,27,Denmark
Vendsyssel FF,24,66,J. �zorsteinsson,4,LW,27,Denmark
Venezia FC,26,70,M. Pinato,13,LCM,28,Italy
VfB Stuttgart,25,78,M. Gómez,46,LS,27,Germany
VfL Bochum 1848,25,72,L. Hinterseer,17,ST,26,Germany
VfL Osnabrück,24,68,N. Körber,4,GK,26,Germany
VfL Sportfreunde Lotte,24,67,L. Dietz,3,LDM,28,Germany
VfL Wolfsburg,24,78,Camacho,51,CDM,32,Germany
VfR Aalen,24,69,M. Morys,2,LS,24,Germany
Viktoria Plze�^,28,72,D. Sváček,1,GK,24,Czech Republic
Villarreal CF,27,78,Gerard Moreno,53,LS,32,Spain
Vissel Kobe,27,66,Iniesta,21,LF,30,Japan
Vitesse,24,74,C. Musonda,64,RW,28,Netherlands
Vitória,30,70,Jorginhson,13,RDM,20,Brazil
Vitória Guimarães,25,77,André André,13,LCM,30,Portugal
Vitória de Setúbal,25,73,Joel Pereira,35,GK,28,Portugal
Vålerenga Fotball,23,70,S. Johnson,3,ST,26,Norway
Vélez Sarsfield,23,73,M. Vargas,12,LW,28,Argentina
Waasland-Beveren,23,71,A. Vellios,24,ST,28,Belgium
Walsall,24,69,C. Ronan,13,CM,27,England
Waterford FC,24,65,C. Duffus,3,LS,25,Republic of Ireland
Watford,25,77,R. Pereyra,65,LM,29,England
Wellington Phoenix,25,67,R. Krishna,4,RS,21,New Zealand
West Bromwich Albion,26,75,D. Gayle,46,LS,30,England
West Ham United,25,78,M. Arnautovi�?,120,LS,32,England
Western Sydney Wanderers,24,68,A. Baumjohann,9,CAM,25,Australia
Wigan Athletic,25,72,J. Garner,35,ST,30,England
Willem II,23,72,A. �-zbiliz,40,RW,28,Netherlands
"Wis�,a Kraków",25,69,Jesús Imaz,6,CAM,26,Poland
"Wis�,a P�,ock",24,66,I. Łasicki,6,CB,26,Poland
Wolfsberger AC,25,67,M. Liendl,8,CAM,26,Austria
Wolverhampton Wanderers,23,78,João Moutinho,85,RCM,33,England
Wycombe Wanderers,27,67,R. Williams,10,LW,25,England
Yeni Malatyaspor,26,69,K. Boutaïb,15,ST,30,Turkey
Yeovil Town,24,66,A. Pattison,5,LCM,28,England
Yokohama F. Marinos,25,66,O. Boumal,6,RM,30,Japan
"Zag�,�Tbie Lubin",26,66,"F. Starzy�""ski",4,CAM,27,Poland
"Zag�,�Tbie Sosnowiec",26,65,V. Sanogo,2,ST,25,Poland
�-rebro SK,24,67,N. Besara,4,CAM,27,Sweden
�-stersunds FK,24,69,J. Flores,8,CM,22,Sweden
�?aykur Rizespor,25,72,O. Gladkyi,15,ST,30,Turkey
"�sl�.sk Wroc�,aw",26,66,A. Piech,4,RS,25,Poland
